SSIP,Stdevpack,Stdevbyte,NbFlow,NbIntFlow
707,0.04338601440953264,2.342844778114762,707,0.0
